Week,Day,Date,Time,ID,Condition,Replicate,Count1,Count2,Count3,Mean,S.E.
1,0,2023/11/28,0,Cont-1,Control,1,98750,108000,104000,103583.3333,2678.35978
1,0,2023/11/28,0,Cont-2,Control,2,98750,108000,104000,103583.3333,2678.35978
1,0,2023/11/28,0,Cont-3,Control,3,98750,108000,104000,103583.3333,2678.35978
1,0,2023/11/28,0,Lin-1,Linear,1,98750,108000,104000,103583.3333,2678.35978
1,0,2023/11/28,0,Lin-2,Linear,2,98750,108000,104000,103583.3333,2678.35978
1,0,2023/11/28,0,Lin-3,Linear,3,98750,108000,104000,103583.3333,2678.35978
1,0,2023/11/28,0,Lin-4,Linear,4,98750,108000,104000,103583.3333,2678.35978
1,0,2023/11/28,0,Lin-5,Linear,5,98750,108000,104000,103583.3333,2678.35978
1,0,2023/11/28,0,Lin-6,Linear,6,98750,108000,104000,103583.3333,2678.35978
1,0,2023/11/28,0,Lin-7,Linear,7,98750,108000,104000,103583.3333,2678.35978
1,0,2023/11/28,0,SD025-1,SD025,1,98750,108000,104000,103583.3333,2678.35978
1,0,2023/11/28,0,SD025-2,SD025,2,98750,108000,104000,103583.3333,2678.35978
1,0,2023/11/28,0,SD025-3,SD025,3,98750,108000,104000,103583.3333,2678.35978
1,0,2023/11/28,0,SD025-4,SD025,4,98750,108000,104000,103583.3333,2678.35978
1,0,2023/11/28,0,SD025-5,SD025,5,98750,108000,104000,103583.3333,2678.35978
1,0,2023/11/28,0,Sd025-6,SD025,6,98750,108000,104000,103583.3333,2678.35978
1,0,2023/11/28,0,SD025-7,SD025,7,98750,108000,104000,103583.3333,2678.35978
1,0,2023/11/28,0,SD100-1,SD100,1,98750,108000,104000,103583.3333,2678.35978
1,0,2023/11/28,0,SD100-2,SD100,2,98750,108000,104000,103583.3333,2678.35978
1,0,2023/11/28,0,SD100-3,SD100,3,98750,108000,104000,103583.3333,2678.35978
1,0,2023/11/28,0,SD100-4,SD100,4,98750,108000,104000,103583.3333,2678.35978
1,0,2023/11/28,0,SD100-5,SD100,5,98750,108000,104000,103583.3333,2678.35978
1,0,2023/11/28,0,SD100-6,SD100,6,98750,108000,104000,103583.3333,2678.35978
1,0,2023/11/28,0,SD100-7,SD100,7,98750,108000,104000,103583.3333,2678.35978
1,3,2023/12/01,3,Cont-1,Control,1,2670000,3110000,1490000,2423333.333,483643.5786
1,3,2023/12/01,3,Cont-2,Control,2,1520000,669000,891000,1026666.667,254855.7326
1,3,2023/12/01,3,Cont-3,Control,3,3080000,4120000,2900000,3366666.667,380233.8462
1,3,2023/12/01,3,Lin-1,Linear,1,1300000,2260000,2400000,1986666.667,345703.791
1,3,2023/12/01,3,Lin-2,Linear,2,592000,727000,393000,570666.6667,97005.72721
1,3,2023/12/01,3,Lin-3,Linear,3,639000,581000,1020000,746666.6667,137688.4567
1,3,2023/12/01,3,Lin-4,Linear,4,1900000,2280000,1170000,1783333.333,325695.8363
1,3,2023/12/01,3,Lin-5,Linear,5,264000,2550000,258000,1024000,763001.9659
1,3,2023/12/01,3,Lin-6,Linear,6,1720000,1510000,1110000,1446666.667,178916.492
1,3,2023/12/01,3,Lin-7,Linear,7,2110000,2260000,2650000,2340000,160934.7694
1,3,2023/12/01,3,SD025-1,SD025,1,850000,592000,381000,607666.6667,135615.0598
1,3,2023/12/01,3,SD025-2,SD025,2,915400,1500000,1230000,1215133.333,168923.112
1,3,2023/12/01,3,SD025-3,SD025,3,1520000,1100000,868000,1162666.667,190806.4755
1,3,2023/12/01,3,SD025-4,SD025,4,757000,487000,1110000,784666.6667,180375.8422
1,3,2023/12/01,3,SD025-5,SD025,5,833000,1220000,1310000,1121000,146324.9808
1,3,2023/12/01,3,Sd025-6,SD025,6,1030000,1520000,1690000,1413333.333,197849.55
1,3,2023/12/01,3,SD025-7,SD025,7,1350000,663000,2060000,1357666.667,403297.3813
1,3,2023/12/01,3,SD100-1,SD100,1,768000,604000,528000,633333.3333,70817.4492
1,3,2023/12/01,3,SD100-2,SD100,2,698000,1020000,792000,836666.6667,95598.69827
1,3,2023/12/01,3,SD100-3,SD100,3,1250000,692000,704000,882000,184032.6058
1,3,2023/12/01,3,SD100-4,SD100,4,1230000,1140000,463000,944333.3333,242064.9591
1,3,2023/12/01,3,SD100-5,SD100,5,323000,809000,522000,551333.3333,141060.6646
1,3,2023/12/01,3,SD100-6,SD100,6,669000,440000,1170000,759666.6667,215553.8087
1,3,2023/12/01,3,SD100-7,SD100,7,1080000,1100000,833000,1004333.333,85860.99878
1,7,2023/12/05,7,Cont-1,Control,1,65100000,81100000,83900000,76700000,5856051.002
1,7,2023/12/05,7,Cont-2,Control,2,65300000,69900000,77400000,70866666.67,3526250.763
1,7,2023/12/05,7,Cont-3,Control,3,70600000,77600000,91900000,80033333.33,6267996.313
1,7,2023/12/05,7,Lin-1,Linear,1,37000000,40900000,39900000,39266666.67,1169520.32
1,7,2023/12/05,7,Lin-2,Linear,2,25800000,26100000,27300000,26400000,458257.5695
1,7,2023/12/05,7,Lin-3,Linear,3,35900000,40600000,44000000,40166666.67,2348285.427
1,7,2023/12/05,7,Lin-4,Linear,4,35100000,39900000,43600000,39533333.33,2460578.071
1,7,2023/12/05,7,Lin-5,Linear,5,24600000,27700000,24600000,25633333.33,1033333.333
1,7,2023/12/05,7,Lin-6,Linear,6,51600000,68900000,77100000,65866666.67,7515835.135
1,7,2023/12/05,7,Lin-7,Linear,7,62600000,67200000,70400000,66733333.33,2263723.58
1,7,2023/12/05,7,SD025-1,SD025,1,13500000,13300000,14200000,13666666.67,272845.0924
1,7,2023/12/05,7,SD025-2,SD025,2,27200000,30600000,28600000,28800000,986576.5725
1,7,2023/12/05,7,SD025-3,SD025,3,8060000,11700000,30800000,16853333.33,7052057.225
1,7,2023/12/05,7,SD025-4,SD025,4,14200000,15200000,13600000,14333333.33,466666.6667
1,7,2023/12/05,7,SD025-5,SD025,5,27500000,29900000,15900000,24433333.33,4322550.687
1,7,2023/12/05,7,Sd025-6,SD025,6,31700000,34100000,36000000,33933333.33,1244097.174
1,7,2023/12/05,7,SD025-7,SD025,7,23500000,21500000,36200000,27066666.67,4603018.333
1,7,2023/12/05,7,SD100-1,SD100,1,12600000,12800000,12800000,12733333.33,66666.66667
1,7,2023/12/05,7,SD100-2,SD100,2,10600000,6490000,13500000,10196666.67,2033636.589
1,7,2023/12/05,7,SD100-3,SD100,3,11200000,10800000,13000000,11666666.67,676592.771
1,7,2023/12/05,7,SD100-4,SD100,4,22200000,23500000,24000000,23233333.33,536449.2313
1,7,2023/12/05,7,SD100-5,SD100,5,13100000,13600000,42300000,23000000,9651079.387
1,7,2023/12/05,7,SD100-6,SD100,6,4030000,3980000,2770000,3593333.333,411919.6254
1,7,2023/12/05,7,SD100-7,SD100,7,10900000,11000000,11700000,11200000,251661.1478
2,0,2023/12/05,7.5,Cont-1,Control,1,3255000,4055000,4195000,3835000,292802.5501
2,0,2023/12/05,7.5,Cont-2,Control,2,3265000,3495000,3870000,3543333.333,176312.5382
2,0,2023/12/05,7.5,Cont-3,Control,3,3530000,3880000,4595000,4001666.667,313399.8156
2,0,2023/12/05,7.5,Lin-1,Linear,1,1850000,2045000,1995000,1963333.333,58476.01598
2,0,2023/12/05,7.5,Lin-2,Linear,2,1290000,1305000,1365000,1320000,22912.87847
2,0,2023/12/05,7.5,Lin-3,Linear,3,1795000,2030000,2200000,2008333.333,117414.2713
2,0,2023/12/05,7.5,Lin-4,Linear,4,1755000,1995000,2180000,1976666.667,123028.9036
2,0,2023/12/05,7.5,Lin-5,Linear,5,1230000,1385000,1230000,1281666.667,51666.66667
2,0,2023/12/05,7.5,Lin-6,Linear,6,2580000,3445000,3855000,3293333.333,375791.7568
2,0,2023/12/05,7.5,Lin-7,Linear,7,3130000,3360000,3520000,3336666.667,113186.179
2,0,2023/12/05,7.5,SD025-1,SD025,1,675000,665000,710000,683333.3333,13642.25462
2,0,2023/12/05,7.5,SD025-2,SD025,2,1360000,1530000,1430000,1440000,49328.82862
2,0,2023/12/05,7.5,SD025-3,SD025,3,403000,585000,1540000,842666.6667,352602.8613
2,0,2023/12/05,7.5,SD025-4,SD025,4,710000,760000,680000,716666.6667,23333.33333
2,0,2023/12/05,7.5,SD025-5,SD025,5,1375000,1495000,795000,1221666.667,216127.5344
2,0,2023/12/05,7.5,Sd025-6,SD025,6,1585000,1705000,1800000,1696666.667,62204.85869
2,0,2023/12/05,7.5,SD025-7,SD025,7,1175000,1075000,1810000,1353333.333,230150.9167
2,0,2023/12/05,7.5,SD100-1,SD100,1,630000,640000,640000,636666.6667,3333.333333
2,0,2023/12/05,7.5,SD100-2,SD100,2,530000,324500,675000,509833.3333,101681.8295
2,0,2023/12/05,7.5,SD100-3,SD100,3,560000,540000,650000,583333.3333,33829.63855
2,0,2023/12/05,7.5,SD100-4,SD100,4,1110000,1175000,1200000,1161666.667,26822.46157
2,0,2023/12/05,7.5,SD100-5,SD100,5,655000,680000,2115000,1150000,482553.9693
2,0,2023/12/05,7.5,SD100-6,SD100,6,201500,199000,138500,179666.6667,20595.98127
2,0,2023/12/05,7.5,SD100-7,SD100,7,545000,550000,585000,560000,12583.05739
2,3,2023/12/08,10,Cont-1,Control,1,38700000,42700000,50300000,43900000,3401960.219
2,3,2023/12/08,10,Cont-2,Control,2,55700000,59700000,71700000,62366666.67,4807401.701
2,3,2023/12/08,10,Cont-3,Control,3,41600000,44200000,55100000,46966666.67,4135348.971
2,3,2023/12/08,10,Lin-1,Linear,1,20300000,16600000,17300000,18066666.67,1134802.969
2,3,2023/12/08,10,Lin-2,Linear,2,17000000,19500000,22100000,19533333.33,1472337.522
2,3,2023/12/08,10,Lin-3,Linear,3,20100000,18900000,20500000,19833333.33,480740.1701
2,3,2023/12/08,10,Lin-4,Linear,4,11900000,10100000,14200000,12066666.67,1186498.115
2,3,2023/12/08,10,Lin-5,Linear,5,9850000,11900000,9570000,10440000,734461.2538
2,3,2023/12/08,10,Lin-6,Linear,6,19800000,15000000,20700000,18500000,1769180.601
2,3,2023/12/08,10,Lin-7,Linear,7,21000000,21800000,21100000,21300000,251661.1478
2,3,2023/12/08,10,SD025-1,SD025,1,6850000,6110000,5320000,6093333.333,441751.5642
2,3,2023/12/08,10,SD025-2,SD025,2,11390000,15900000,18900000,15396666.67,2182508.75
2,3,2023/12/08,10,SD025-3,SD025,3,7990000,5820000,16900000,10236666.67,3390045.886
2,3,2023/12/08,10,SD025-4,SD025,4,14100000,15100000,16100000,15100000,577350.2692
2,3,2023/12/08,10,SD025-5,SD025,5,13000000,15200000,15100000,14433333.33,717247.8264
2,3,2023/12/08,10,Sd025-6,SD025,6,15900000,15800000,15400000,15700000,152752.5232
2,3,2023/12/08,10,SD025-7,SD025,7,12800000,11300000,13200000,12433333.33,578311.7191
2,3,2023/12/08,10,SD100-1,SD100,1,12300000,13500000,14000000,13266666.67,504424.865
2,3,2023/12/08,10,SD100-2,SD100,2,13700000,13300000,14500000,13833333.33,352766.8415
2,3,2023/12/08,10,SD100-3,SD100,3,15500000,14000000,14200000,14566666.67,470224.5327
2,3,2023/12/08,10,SD100-4,SD100,4,13100000,16900000,11200000,13733333.33,1675642.497
2,3,2023/12/08,10,SD100-5,SD100,5,18800000,23600000,21900000,21433333.33,1405149.261
2,3,2023/12/08,10,SD100-6,SD100,6,4640000,4010000,3280000,3976666.667,392951.7924
2,3,2023/12/08,10,SD100-7,SD100,7,13300000,12200000,17700000,14400000,1680277.755
2,7,2023/12/12,14,Cont-1,Control,1,158000000,184000000,122000000,154666666.7,17975291.68
2,7,2023/12/12,14,Cont-2,Control,2,168000000,216000000,70400000,151466666.7,42836329.34
2,7,2023/12/12,14,Cont-3,Control,3,53400000,64500000,199000000,105633333.3,46793173.77
2,7,2023/12/12,14,Lin-1,Linear,1,66900000,68000000,90900000,75266666.67,7823113.901
2,7,2023/12/12,14,Lin-2,Linear,2,71600000,78000000,61600000,70400000,4772141.378
2,7,2023/12/12,14,Lin-3,Linear,3,101000000,132000000,131000000,121333333.3,10170764.2
2,7,2023/12/12,14,Lin-4,Linear,4,56900000,90300000,48100000,65100000,12853533.89
2,7,2023/12/12,14,Lin-5,Linear,5,64500000,54500000,32300000,50433333.33,9515134.144
2,7,2023/12/12,14,Lin-6,Linear,6,84500000,121000000,46900000,84133333.33,21391613.1
2,7,2023/12/12,14,Lin-7,Linear,7,90300000,147000000,83900000,107066666.7,20051960.28
2,7,2023/12/12,14,SD025-1,SD025,1,62800000,37500000,9380000,36560000,15428186.33
2,7,2023/12/12,14,SD025-2,SD025,2,58100000,61600000,35200000,51633333.33,8278553.282
2,7,2023/12/12,14,SD025-3,SD025,3,113000000,64500000,72700000,83400000,14988106.4
2,7,2023/12/12,14,SD025-4,SD025,4,112000000,1790000,99200000,70996666.67,34800057.63
2,7,2023/12/12,14,SD025-5,SD025,5,49300000,41100000,66900000,52433333.33,7610811.024
2,7,2023/12/12,14,Sd025-6,SD025,6,85000000,31100000,90300000,68800000,18911989.14
2,7,2023/12/12,14,SD025-7,SD025,7,93800000,103000000,94400000,97066666.67,2971718.545
2,7,2023/12/12,14,SD100-1,SD100,1,105000000,98500000,98500000,100666666.7,2166666.667
2,7,2023/12/12,14,SD100-2,SD100,2,34600000,110000000,66300000,70300000,21857798
2,7,2023/12/12,14,SD100-3,SD100,3,73300000,144000000,36400000,84566666.67,31568144.98
2,7,2023/12/12,14,SD100-4,SD100,4,44000000,48700000,62200000,51633333.33,5454763.464
2,7,2023/12/12,14,SD100-5,SD100,5,61600000,44000000,47500000,51033333.33,5379074.683
2,7,2023/12/12,14,SD100-6,SD100,6,63900000,70200000,54500000,62866666.67,4561554.316
2,7,2023/12/12,14,SD100-7,SD100,7,95000000,59200000,93300000,82500000,11660331.61
3,0,2023/12/12,14.5,Cont-1,Control,1,7900000,9200000,6100000,7733333.333,898764.5842
3,0,2023/12/12,14.5,Cont-2,Control,2,8400000,10800000,3520000,7573333.333,2141816.467
3,0,2023/12/12,14.5,Cont-3,Control,3,2670000,3225000,9950000,5281666.667,2339658.688
3,0,2023/12/12,14.5,Lin-1,Linear,1,3345000,3400000,4545000,3763333.333,391155.6951
3,0,2023/12/12,14.5,Lin-2,Linear,2,3580000,3900000,3080000,3520000,238607.0689
3,0,2023/12/12,14.5,Lin-3,Linear,3,5050000,6600000,6550000,6066666.667,508538.2101
3,0,2023/12/12,14.5,Lin-4,Linear,4,2845000,4515000,2405000,3255000,642676.6943
3,0,2023/12/12,14.5,Lin-5,Linear,5,3225000,2725000,1615000,2521666.667,475756.7072
3,0,2023/12/12,14.5,Lin-6,Linear,6,4225000,6050000,2345000,4206666.667,1069580.655
3,0,2023/12/12,14.5,Lin-7,Linear,7,4515000,7350000,4195000,5353333.333,1002598.014
3,0,2023/12/12,14.5,SD025-1,SD025,1,3140000,1875000,469000,1828000,771409.3163
3,0,2023/12/12,14.5,SD025-2,SD025,2,2905000,3080000,1760000,2581666.667,413927.6641
3,0,2023/12/12,14.5,SD025-3,SD025,3,5650000,3225000,3635000,4170000,749405.3198
3,0,2023/12/12,14.5,SD025-4,SD025,4,5600000,89500,4960000,3549833.333,1740002.882
3,0,2023/12/12,14.5,SD025-5,SD025,5,2465000,2055000,3345000,2621666.667,380540.5512
3,0,2023/12/12,14.5,Sd025-6,SD025,6,4250000,1555000,4515000,3440000,945599.4571
3,0,2023/12/12,14.5,SD025-7,SD025,7,4690000,5150000,4720000,4853333.333,148585.9273
3,0,2023/12/12,14.5,SD100-1,SD100,1,5250000,4925000,4925000,5033333.333,108333.3333
3,0,2023/12/12,14.5,SD100-2,SD100,2,1730000,5500000,3315000,3515000,1092889.9
3,0,2023/12/12,14.5,SD100-3,SD100,3,3665000,7200000,1820000,4228333.333,1578407.249
3,0,2023/12/12,14.5,SD100-4,SD100,4,2200000,2435000,3110000,2581666.667,272738.1732
3,0,2023/12/12,14.5,SD100-5,SD100,5,3080000,2200000,2375000,2551666.667,268953.7341
3,0,2023/12/12,14.5,SD100-6,SD100,6,3195000,3510000,2725000,3143333.333,228077.7158
3,0,2023/12/12,14.5,SD100-7,SD100,7,4750000,2960000,4665000,4125000,583016.5807
3,3,2023/12/15,17,Cont-1,Control,1,44200000,48300000,31600000,41366666.67,5024716.686
3,3,2023/12/15,17,Cont-2,Control,2,56400000,46400000,64100000,55633333.33,5123909.098
3,3,2023/12/15,17,Cont-3,Control,3,49700000,53400000,54600000,52566666.67,1474599.757
3,3,2023/12/15,17,Lin-1,Linear,1,22700000,21700000,10200000,18200000,4010403.139
3,3,2023/12/15,17,Lin-2,Linear,2,6900000,19000000,8180000,11360000,3837829.248
3,3,2023/12/15,17,Lin-3,Linear,3,18500000,19900000,26300000,21566666.67,2400925.747
3,3,2023/12/15,17,Lin-4,Linear,4,21100000,20300000,24100000,21833333.33,1156623.438
3,3,2023/12/15,17,Lin-5,Linear,5,24300000,35800000,22100000,27400000,4247744.5
3,3,2023/12/15,17,Lin-6,Linear,6,18800000,19400000,25000000,21066666.67,1974279.053
3,3,2023/12/15,17,Lin-7,Linear,7,33900000,34500000,34100000,34166666.67,176383.4207
3,3,2023/12/15,17,SD025-1,SD025,1,22600000,24400000,23700000,23566666.67,523874.4549
3,3,2023/12/15,17,SD025-2,SD025,2,21600000,23800000,34500000,26633333.33,3984274.645
3,3,2023/12/15,17,SD025-3,SD025,3,23600000,29600000,27800000,27000000,1777638.883
3,3,2023/12/15,17,SD025-4,SD025,4,23800000,32700000,28800000,28433333.33,2575741.533
3,3,2023/12/15,17,SD025-5,SD025,5,27100000,31800000,31000000,29966666.67,1451818.783
3,3,2023/12/15,17,Sd025-6,SD025,6,25200000,28300000,30000000,27833333.33,1405149.261
3,3,2023/12/15,17,SD025-7,SD025,7,20700000,22000000,26600000,23100000,1789785.834
3,3,2023/12/15,17,SD100-1,SD100,1,41800000,43300000,56000000,47033333.33,4504195.575
3,3,2023/12/15,17,SD100-2,SD100,2,37900000,44200000,45700000,42600000,2389560.629
3,3,2023/12/15,17,SD100-3,SD100,3,17700000,17100000,37800000,24200000,6802205.525
3,3,2023/12/15,17,SD100-4,SD100,4,33900000,36000000,19900000,29933333.33,5053161.826
3,3,2023/12/15,17,SD100-5,SD100,5,39300000,43700000,38000000,40333333.33,1724657.776
3,3,2023/12/15,17,SD100-6,SD100,6,36200000,40800000,44900000,40633333.33,2512855.834
3,3,2023/12/15,17,SD100-7,SD100,7,29800000,35500000,33500000,32933333.33,1669663.972
3,7,2023/12/19,21,Cont-1,Control,1,516000000,584000000,524000000,541333333.3,21457969.25
3,7,2023/12/19,21,Cont-2,Control,2,282400000,302000000,254400000,279600000,13812072.01
3,7,2023/12/19,21,Cont-3,Control,3,306800000,245600000,254400000,268933333.3,19102995.69
3,7,2023/12/19,21,Lin-1,Linear,1,140800000,144400000,144800000,143333333.3,1271918.935
3,7,2023/12/19,21,Lin-2,Linear,2,113600000,130000000,130000000,124533333.3,5466666.667
3,7,2023/12/19,21,Lin-3,Linear,3,140000000,156000000,137200000,144400000,5856051.002
3,7,2023/12/19,21,Lin-4,Linear,4,121200000,124000000,142000000,129066666.7,6516986.352
3,7,2023/12/19,21,Lin-5,Linear,5,133200000,143200000,132400000,136266666.7,3474350.459
3,7,2023/12/19,21,Lin-6,Linear,6,100800000,124800000,114000000,113200000,6939740.629
3,7,2023/12/19,21,Lin-7,Linear,7,87600000,138400000,168400000,131466666.7,23581160.09
3,7,2023/12/19,21,SD025-1,SD025,1,181200000,166800000,214800000,187600000,14221111.07
3,7,2023/12/19,21,SD025-2,SD025,2,99200000,110800000,123200000,111066666.7,6929486.112
3,7,2023/12/19,21,SD025-3,SD025,3,211200000,204000000,179200000,198133333.3,9692150.318
3,7,2023/12/19,21,SD025-4,SD025,4,126400000,118000000,168400000,137600000,15589740.22
3,7,2023/12/19,21,SD025-5,SD025,5,167200000,144000000,145600000,152266666.7,7480938.741
3,7,2023/12/19,21,Sd025-6,SD025,6,64400000,104400000,119600000,96133333.33,16462212.62
3,7,2023/12/19,21,SD025-7,SD025,7,79200000,123600000,76800000,93200000,15215781.28
3,7,2023/12/19,21,SD100-1,SD100,1,181200000,115200000,147600000,148000000,19053608.58
3,7,2023/12/19,21,SD100-2,SD100,2,270800000,147600000,194800000,204400000,35887230.78
3,7,2023/12/19,21,SD100-3,SD100,3,508000000,173600000,149200000,276933333.3,115747848.6
3,7,2023/12/19,21,SD100-4,SD100,4,71200000,267600000,156400000,165066666.7,56861156.43
3,7,2023/12/19,21,SD100-5,SD100,5,94000000,248800000,107600000,150133333.3,49489303
3,7,2023/12/19,21,SD100-6,SD100,6,180000000,109600000,149600000,146400000,20385615.84
3,7,2023/12/19,21,SD100-7,SD100,7,428000000,334000000,250400000,337466666.7,51297996.5
4,0,2023/12/19,21.5,Cont-1,Control,1,2210000,2415000,1580000,2068333.333,251235.8343
4,0,2023/12/19,21.5,Cont-2,Control,2,2820000,2320000,3205000,2781666.667,256195.4549
4,0,2023/12/19,21.5,Cont-3,Control,3,2485000,2670000,2730000,2628333.333,73729.98787
4,0,2023/12/19,21.5,Lin-1,Linear,1,1135000,1085000,510000,910000,200520.1569
4,0,2023/12/19,21.5,Lin-2,Linear,2,345000,950000,409000,568000,191891.4624
4,0,2023/12/19,21.5,Lin-3,Linear,3,925000,995000,1315000,1078333.333,120046.2874
4,0,2023/12/19,21.5,Lin-4,Linear,4,1055000,1015000,1205000,1091666.667,57831.17191
4,0,2023/12/19,21.5,Lin-5,Linear,5,1215000,1790000,1105000,1370000,212387.225
4,0,2023/12/19,21.5,Lin-6,Linear,6,940000,970000,1250000,1053333.333,98713.95263
4,0,2023/12/19,21.5,Lin-7,Linear,7,1695000,1725000,1705000,1708333.333,8819.171037
4,0,2023/12/19,21.5,SD025-1,SD025,1,1130000,1220000,1185000,1178333.333,26193.72274
4,0,2023/12/19,21.5,SD025-2,SD025,2,1080000,1190000,1725000,1331666.667,199213.7322
4,0,2023/12/19,21.5,SD025-3,SD025,3,1180000,1480000,1390000,1350000,88881.94417
4,0,2023/12/19,21.5,SD025-4,SD025,4,1190000,1635000,1440000,1421666.667,128787.0766
4,0,2023/12/19,21.5,SD025-5,SD025,5,1355000,1590000,1550000,1498333.333,72590.93913
4,0,2023/12/19,21.5,Sd025-6,SD025,6,1260000,1415000,1500000,1391666.667,70257.46303
4,0,2023/12/19,21.5,SD025-7,SD025,7,1035000,1100000,1330000,1155000,89489.29172
4,0,2023/12/19,21.5,SD100-1,SD100,1,2090000,2165000,2800000,2351666.667,225209.7787
4,0,2023/12/19,21.5,SD100-2,SD100,2,1895000,2210000,2285000,2130000,119478.0315
4,0,2023/12/19,21.5,SD100-3,SD100,3,885000,855000,1890000,1210000,340110.2762
4,0,2023/12/19,21.5,SD100-4,SD100,4,1695000,1800000,995000,1496666.667,252658.0913
4,0,2023/12/19,21.5,SD100-5,SD100,5,1965000,2185000,1900000,2016666.667,86232.8888
4,0,2023/12/19,21.5,SD100-6,SD100,6,1810000,2040000,2245000,2031666.667,125642.7917
4,0,2023/12/19,21.5,SD100-7,SD100,7,1490000,1775000,1675000,1646666.667,83483.19858
4,3,2023/12/22,24,Cont-1,Control,1,52100000,33100000,24200000,36466666.67,8228068.492
4,3,2023/12/22,24,Cont-2,Control,2,35700000,76800000,35800000,49433333.33,13683363.78
4,3,2023/12/22,24,Cont-3,Control,3,47500000,55300000,71800000,58200000,7163099.888
4,3,2023/12/22,24,Lin-1,Linear,1,14200000,16000000,8640000,12946666.67,2215139.825
4,3,2023/12/22,24,Lin-2,Linear,2,20500000,23600000,26700000,23600000,1789785.834
4,3,2023/12/22,24,Lin-3,Linear,3,31000000,30900000,29400000,30433333.33,517472.4899
4,3,2023/12/22,24,Lin-4,Linear,4,22200000,22300000,9410000,17970000,4280097.351
4,3,2023/12/22,24,Lin-5,Linear,5,17800000,21200000,22600000,20533333.33,1425170.555
4,3,2023/12/22,24,Lin-6,Linear,6,15800000,10800000,25800000,17466666.67,4409585.518
4,3,2023/12/22,24,Lin-7,Linear,7,21600000,19900000,23700000,21733333.33,1098989.435
4,3,2023/12/22,24,SD025-1,SD025,1,21600000,22700000,21800000,22033333.33,338296.3855
4,3,2023/12/22,24,SD025-2,SD025,2,20500000,22200000,30900000,24533333.33,3220938.442
4,3,2023/12/22,24,SD025-3,SD025,3,20100000,19700000,10400000,16733333.33,3168771.23
4,3,2023/12/22,24,SD025-4,SD025,4,17200000,23600000,28600000,23133333.33,3299158.142
4,3,2023/12/22,24,SD025-5,SD025,5,10200000,16800000,27800000,18266666.67,5133333.333
4,3,2023/12/22,24,Sd025-6,SD025,6,18100000,18800000,15100000,17333333.33,1134802.969
4,3,2023/12/22,24,SD025-7,SD025,7,20000000,22100000,26100000,22733333.33,1789164.92
4,3,2023/12/22,24,SD100-1,SD100,1,28500000,23900000,24200000,25533333.33,1485859.273
4,3,2023/12/22,24,SD100-2,SD100,2,24700000,20400000,28500000,24533333.33,2339753.073
4,3,2023/12/22,24,SD100-3,SD100,3,29500000,13700000,27900000,23700000,5021288.015
4,3,2023/12/22,24,SD100-4,SD100,4,16400000,19600000,17200000,17733333.33,961480.3401
4,3,2023/12/22,24,SD100-5,SD100,5,11900000,6050000,12800000,10250000,2116010.397
4,3,2023/12/22,24,SD100-6,SD100,6,16400000,13300000,15800000,15166666.67,949268.7244
4,3,2023/12/22,24,SD100-7,SD100,7,16900000,15500000,15800000,16066666.67,425571.5112
4,7,2023/12/26,28,Cont-1,Control,1,246000000,281000000,283000000,270000000,12013880.86
4,7,2023/12/26,28,Cont-2,Control,2,212000000,228000000,240000000,226666666.7,8110350.04
4,7,2023/12/26,28,Cont-3,Control,3,223000000,219000000,240000000,227333333.3,6437735.972
4,7,2023/12/26,28,Lin-1,Linear,1,144000000,171000000,170000000,161666666.7,8838049.056
4,7,2023/12/26,28,Lin-2,Linear,2,53300000,132000000,122000000,102433333.3,24735691.71
4,7,2023/12/26,28,Lin-3,Linear,3,110000000,99100000,116000000,108366666.7,4946491.461
4,7,2023/12/26,28,Lin-4,Linear,4,99900000,118000000,138000000,118633333.3,11003080.38
4,7,2023/12/26,28,Lin-5,Linear,5,56300000,134000000,139000000,109766666.7,26772270.07
4,7,2023/12/26,28,Lin-6,Linear,6,91800000,127000000,142000000,120266666.7,14877425.11
4,7,2023/12/26,28,Lin-7,Linear,7,139000000,126000000,134000000,133000000,3785938.897
4,7,2023/12/26,28,SD025-1,SD025,1,84300000,104000000,104000000,97433333.33,6566666.667
4,7,2023/12/26,28,SD025-2,SD025,2,87000000,126000000,117000000,110000000,11789826.12
4,7,2023/12/26,28,SD025-3,SD025,3,76200000,122000000,176000000,124733333.3,28842175.91
4,7,2023/12/26,28,SD025-4,SD025,4,121000000,115000000,119000000,118333333.3,1763834.207
4,7,2023/12/26,28,SD025-5,SD025,5,146000000,161000000,135000000,147333333.3,7535103.037
4,7,2023/12/26,28,Sd025-6,SD025,6,107000000,168000000,175000000,150000000,21594752.45
4,7,2023/12/26,28,SD025-7,SD025,7,105000000,120000000,116000000,113666666.7,4484541.349
4,7,2023/12/26,28,SD100-1,SD100,1,91500000,115000000,51100000,85866666.67,18660147.67
4,7,2023/12/26,28,SD100-2,SD100,2,102000000,133000000,13000000,82666666.67,35964488.66
4,7,2023/12/26,28,SD100-3,SD100,3,158000000,170000000,187000000,171666666.7,8412952.976
4,7,2023/12/26,28,SD100-4,SD100,4,84700000,82900000,99600000,89066666.67,5292237.502
4,7,2023/12/26,28,SD100-5,SD100,5,143000000,131000000,144000000,139333333.3,4176654.695
4,7,2023/12/26,28,SD100-6,SD100,6,148000000,143000000,156000000,149000000,3785938.897
4,7,2023/12/26,28,SD100-7,SD100,7,126000000,189000000,118000000,144333333.3,22452418.83
5,0,2023/12/26,28.5,Cont-1,Control,1,12300000,14050000,14150000,13500000,600694.043
5,0,2023/12/26,28.5,Cont-2,Control,2,10600000,11400000,12000000,11333333.33,405517.502
5,0,2023/12/26,28.5,Cont-3,Control,3,11150000,10950000,12000000,11366666.67,321886.7986
5,0,2023/12/26,28.5,Lin-1,Linear,1,7200000,8550000,8500000,8083333.333,441902.4528
5,0,2023/12/26,28.5,Lin-2,Linear,2,2665000,6600000,6100000,5121666.667,1236784.586
5,0,2023/12/26,28.5,Lin-3,Linear,3,5500000,4955000,5800000,5418333.333,247324.5731
5,0,2023/12/26,28.5,Lin-4,Linear,4,4995000,5900000,6900000,5931666.667,550154.0188
5,0,2023/12/26,28.5,Lin-5,Linear,5,2815000,6700000,6950000,5488333.333,1338613.503
5,0,2023/12/26,28.5,Lin-6,Linear,6,4590000,6350000,7100000,6013333.333,743871.2553
5,0,2023/12/26,28.5,Lin-7,Linear,7,6950000,6300000,6700000,6650000,189296.9449
5,0,2023/12/26,28.5,SD025-1,SD025,1,4215000,5200000,5200000,4871666.667,328333.3333
5,0,2023/12/26,28.5,SD025-2,SD025,2,4350000,6300000,5850000,5500000,589491.3061
5,0,2023/12/26,28.5,SD025-3,SD025,3,3810000,6100000,8800000,6236666.667,1442108.795
5,0,2023/12/26,28.5,SD025-4,SD025,4,6050000,5750000,5950000,5916666.667,88191.71037
5,0,2023/12/26,28.5,SD025-5,SD025,5,7300000,8050000,6750000,7366666.667,376755.1518
5,0,2023/12/26,28.5,Sd025-6,SD025,6,5350000,8400000,8750000,7500000,1079737.622
5,0,2023/12/26,28.5,SD025-7,SD025,7,5250000,6000000,5800000,5683333.333,224227.0675
5,0,2023/12/26,28.5,SD100-1,SD100,1,4575000,5750000,2555000,4293333.333,933007.3836
5,0,2023/12/26,28.5,SD100-2,SD100,2,5100000,6650000,650000,4133333.333,1798224.433
5,0,2023/12/26,28.5,SD100-3,SD100,3,7900000,8500000,9350000,8583333.333,420647.6488
5,0,2023/12/26,28.5,SD100-4,SD100,4,4235000,4145000,4980000,4453333.333,264611.8751
5,0,2023/12/26,28.5,SD100-5,SD100,5,7150000,6550000,7200000,6966666.667,208832.7348
5,0,2023/12/26,28.5,SD100-6,SD100,6,7400000,7150000,7800000,7450000,189296.9449
5,0,2023/12/26,28.5,SD100-7,SD100,7,6300000,9450000,5900000,7216666.667,1122620.941
5,3,2023/12/29,31,Cont-1,Control,1,46500000,61800000,70100000,59466666.67,6911905.992
5,3,2023/12/29,31,Cont-2,Control,2,52000000,34000000,27700000,37900000,7280796.66
5,3,2023/12/29,31,Cont-3,Control,3,67000000,66200000,68800000,67333333.33,768837.5063
5,3,2023/12/29,31,Lin-1,Linear,1,22600000,24600000,28600000,25266666.67,1763834.207
5,3,2023/12/29,31,Lin-2,Linear,2,24000000,27400000,30600000,27333333.33,1905547.457
5,3,2023/12/29,31,Lin-3,Linear,3,11600000,27400000,33100000,24033333.33,6430742.138
5,3,2023/12/29,31,Lin-4,Linear,4,32000000,35400000,39500000,35633333.33,2168204.582
5,3,2023/12/29,31,Lin-5,Linear,5,18200000,26900000,26700000,23933333.33,2867248.003
5,3,2023/12/29,31,Lin-6,Linear,6,7030000,26300000,34500000,22610000,8141709.485
5,3,2023/12/29,31,Lin-7,Linear,7,22700000,26000000,27200000,25300000,1345362.405
5,3,2023/12/29,31,SD025-1,SD025,1,32900000,28900000,32600000,31466666.67,1286252.092
5,3,2023/12/29,31,SD025-2,SD025,2,19000000,8030000,44100000,23710000,10675506.23
5,3,2023/12/29,31,SD025-3,SD025,3,24000000,26500000,25600000,25366666.67,731057.0733
5,3,2023/12/29,31,SD025-4,SD025,4,10300000,27600000,24800000,20900000,5361280.941
5,3,2023/12/29,31,SD025-5,SD025,5,28500000,27100000,29700000,28433333.33,751295.178
5,3,2023/12/29,31,Sd025-6,SD025,6,24000000,27000000,21100000,24033333.33,1703264.839
5,3,2023/12/29,31,SD025-7,SD025,7,28000000,21100000,29200000,26100000,2523885.893
5,3,2023/12/29,31,SD100-1,SD100,1,16100000,16800000,16000000,16300000,251661.1478
5,3,2023/12/29,31,SD100-2,SD100,2,16600000,16600000,18400000,17200000,600000
5,3,2023/12/29,31,SD100-3,SD100,3,13400000,13100000,12900000,13133333.33,145296.6315
5,3,2023/12/29,31,SD100-4,SD100,4,7080000,12900000,18000000,12660000,3154615.666
5,3,2023/12/29,31,SD100-5,SD100,5,9310000,11500000,11400000,10736666.67,713917.2065
5,3,2023/12/29,31,SD100-6,SD100,6,14400000,17200000,19200000,16933333.33,1392040.868
5,3,2023/12/29,31,SD100-7,SD100,7,20100000,19500000,20400000,20000000,264575.1311
5,7,2024/01/02,35,Cont-1,Control,1,88000000,12300000,45700000,48666666.67,21902993.2
5,7,2024/01/02,35,Cont-2,Control,2,65100000,225000000,156000000,148700000,46303239.63
5,7,2024/01/02,35,Cont-3,Control,3,1810000,121000000,85000000,69270000,35294658.24
5,7,2024/01/02,35,Lin-1,Linear,1,107000000,76200000,80900000,88033333.33,9579897.935
5,7,2024/01/02,35,Lin-2,Linear,2,75100000,45700000,63300000,61366666.67,8541922.76
5,7,2024/01/02,35,Lin-3,Linear,3,455000000,481000000,66200000,334066666.7,134143472.1
5,7,2024/01/02,35,Lin-4,Linear,4,250000000,270000000,252000000,257333333.3,6359594.676
5,7,2024/01/02,35,Lin-5,Linear,5,168000000,106000000,91500000,121833333.3,23459776.45
5,7,2024/01/02,35,Lin-6,Linear,6,55700000,49400000,38100000,47733333.33,5148570.46
5,7,2024/01/02,35,Lin-7,Linear,7,86200000,2930000,103000000,64043333.33,30939131.82
5,7,2024/01/02,35,SD025-1,SD025,1,162000000,118000000,97400000,125800000,19051859.05
5,7,2024/01/02,35,SD025-2,SD025,2,99100000,33400000,57500000,63333333.33,19188914.62
5,7,2024/01/02,35,SD025-3,SD025,3,39300000,54500000,56900000,50233333.33,5510394.219
5,7,2024/01/02,35,SD025-4,SD025,4,57500000,38100000,69200000,54933333.33,9069056.058
5,7,2024/01/02,35,SD025-5,SD025,5,45200000,105000000,61000000,70400000,17891152.38
5,7,2024/01/02,35,Sd025-6,SD025,6,143000000,59200000,76200000,92800000,25575248.45
5,7,2024/01/02,35,SD025-7,SD025,7,92700000,107000000,115000000,104900000,6522525.073
5,7,2024/01/02,35,SD100-1,SD100,1,3170000,68600000,41600000,37790000,18983837.86
5,7,2024/01/02,35,SD100-2,SD100,2,112000000,50400000,76800000,79733333.33,17842770.09
5,7,2024/01/02,35,SD100-3,SD100,3,20500000,50400000,29300000,33400000,8871489.916
5,7,2024/01/02,35,SD100-4,SD100,4,90300000,45200000,42200000,59233333.33,15557456.23
5,7,2024/01/02,35,SD100-5,SD100,5,48700000,41600000,57500000,49266666.67,4598671.306
5,7,2024/01/02,35,SD100-6,SD100,6,66300000,64500000,51600000,60800000,4629254.8
5,7,2024/01/02,35,SD100-7,SD100,7,25800000,26400000,42200000,31466666.67,5369460.97
6,0,2024/01/02,35.5,Cont-1,Control,1,4400000,615000,2285000,2433333.333,1095149.66
6,0,2024/01/02,35.5,Cont-2,Control,2,3255000,11250000,7800000,7435000,2315161.981
6,0,2024/01/02,35.5,Cont-3,Control,3,90500,6050000,4250000,3463500,1764732.912
6,0,2024/01/02,35.5,Lin-1,Linear,1,5350000,3810000,4045000,4401666.667,478994.8967
6,0,2024/01/02,35.5,Lin-2,Linear,2,3755000,2285000,3165000,3068333.333,427096.138
6,0,2024/01/02,35.5,Lin-3,Linear,3,22750000,24050000,3310000,16703333.33,6707173.606
6,0,2024/01/02,35.5,Lin-4,Linear,4,12500000,13500000,12600000,12866666.67,317979.7338
6,0,2024/01/02,35.5,Lin-5,Linear,5,8400000,5300000,4575000,6091666.667,1172988.823
6,0,2024/01/02,35.5,Lin-6,Linear,6,2785000,2470000,1905000,2386666.667,257428.523
6,0,2024/01/02,35.5,Lin-7,Linear,7,4310000,146500,5150000,3202166.667,1546956.591
6,0,2024/01/02,35.5,SD025-1,SD025,1,8100000,5900000,4870000,6290000,952592.9526
6,0,2024/01/02,35.5,SD025-2,SD025,2,4955000,1670000,2875000,3166666.667,959445.7312
6,0,2024/01/02,35.5,SD025-3,SD025,3,1965000,2725000,2845000,2511666.667,275519.7109
6,0,2024/01/02,35.5,SD025-4,SD025,4,2875000,1905000,3460000,2746666.667,453452.8029
6,0,2024/01/02,35.5,SD025-5,SD025,5,2260000,5250000,3050000,3520000,894557.6188
6,0,2024/01/02,35.5,Sd025-6,SD025,6,7150000,2960000,3810000,4640000,1278762.423
6,0,2024/01/02,35.5,SD025-7,SD025,7,4635000,5350000,5750000,5245000,326126.2537
6,0,2024/01/02,35.5,SD100-1,SD100,1,158500,3430000,2080000,1889500,949191.8931
6,0,2024/01/02,35.5,SD100-2,SD100,2,5600000,2520000,3840000,3986666.667,892138.5044
6,0,2024/01/02,35.5,SD100-3,SD100,3,1025000,2520000,1465000,1670000,443574.4958
6,0,2024/01/02,35.5,SD100-4,SD100,4,4515000,2260000,2110000,2961666.667,777872.8117
6,0,2024/01/02,35.5,SD100-5,SD100,5,2435000,2080000,2875000,2463333.333,229933.5653
6,0,2024/01/02,35.5,SD100-6,SD100,6,3315000,3225000,2580000,3040000,231462.74
6,0,2024/01/02,35.5,SD100-7,SD100,7,1290000,1320000,2110000,1573333.333,268473.0485
6,3,2024/01/05,38,Cont-1,Control,1,50500000,54700000,61000000,55400000,3051229.26
6,3,2024/01/05,38,Cont-2,Control,2,49800000,55100000,56300000,53733333.33,1996942.107
6,3,2024/01/05,38,Cont-3,Control,3,49900000,51500000,58500000,53300000,2640706.976
6,3,2024/01/05,38,Lin-1,Linear,1,19600000,21400000,21200000,20733333.33,569600.2497
6,3,2024/01/05,38,Lin-2,Linear,2,21700000,19500000,23600000,21600000,1184623.71
6,3,2024/01/05,38,Lin-3,Linear,3,19800000,20800000,23800000,21466666.67,1201850.425
6,3,2024/01/05,38,Lin-4,Linear,4,20700000,23300000,25200000,23066666.67,1304266.503
6,3,2024/01/05,38,Lin-5,Linear,5,8010000,18700000,18400000,15036666.67,3514400.534
6,3,2024/01/05,38,Lin-6,Linear,6,18300000,21700000,23600000,21200000,1550268.794
6,3,2024/01/05,38,Lin-7,Linear,7,22500000,15100000,21400000,19666666.67,2305307.885
6,3,2024/01/05,38,SD025-1,SD025,1,22600000,21300000,20800000,21566666.67,536449.2313
6,3,2024/01/05,38,SD025-2,SD025,2,19100000,19800000,22300000,20400000,971253.4856
6,3,2024/01/05,38,SD025-3,SD025,3,19900000,21700000,23900000,21833333.33,1156623.438
6,3,2024/01/05,38,SD025-4,SD025,4,14100000,23600000,24600000,20766666.67,3345809.983
6,3,2024/01/05,38,SD025-5,SD025,5,7300000,22900000,19400000,16533333.33,4725933.182
6,3,2024/01/05,38,Sd025-6,SD025,6,21500000,20400000,18700000,20200000,814452.7815
6,3,2024/01/05,38,SD025-7,SD025,7,16100000,20400000,19600000,18700000,1320353.488
6,3,2024/01/05,38,SD100-1,SD100,1,16100000,20200000,29400000,21900000,3932344.508
6,3,2024/01/05,38,SD100-2,SD100,2,18200000,20900000,25000000,21366666.67,1976810
6,3,2024/01/05,38,SD100-3,SD100,3,13600000,15100000,18400000,15700000,1417744.688
6,3,2024/01/05,38,SD100-4,SD100,4,24400000,19400000,23700000,22500000,1563116.545
6,3,2024/01/05,38,SD100-5,SD100,5,17600000,15500000,18000000,17033333.33,775313.5566
6,3,2024/01/05,38,SD100-6,SD100,6,9570000,8830000,17700000,12033333.33,2841374.863
6,3,2024/01/05,38,SD100-7,SD100,7,21800000,31300000,20200000,24433333.33,3464261.987
6,7,2024/01/09,42,Cont-1,Control,1,163000000,123000000,402000000,229333333.3,87102111.21
6,7,2024/01/09,42,Cont-2,Control,2,210000000,197000000,194000000,200333333.3,4910306.621
6,7,2024/01/09,42,Cont-3,Control,3,195000000,178000000,101000000,158000000,28919428.3
6,7,2024/01/09,42,Lin-1,Linear,1,31700000,14400000,41800000,29300000,8000208.331
6,7,2024/01/09,42,Lin-2,Linear,2,76700000,68200000,68800000,71233333.33,2738815.64
6,7,2024/01/09,42,Lin-3,Linear,3,78600000,75900000,86400000,80300000,3148015.248
6,7,2024/01/09,42,Lin-4,Linear,4,14500000,1760000,68000000,28086666.67,20292712.43
6,7,2024/01/09,42,Lin-5,Linear,5,180000000,197000000,131000000,169333333.3,19784955
6,7,2024/01/09,42,Lin-6,Linear,6,71500000,65700000,60400000,65866666.67,3205377.426
6,7,2024/01/09,42,Lin-7,Linear,7,118000000,135000000,13500000,88833333.33,37985011.66
6,7,2024/01/09,42,SD025-1,SD025,1,106000000,137000000,110000000,117666666.7,9735387.911
6,7,2024/01/09,42,SD025-2,SD025,2,23500000,19400000,133000000,58633333.33,37202165.41
6,7,2024/01/09,42,SD025-3,SD025,3,202000000,265000000,160000000,209000000,30512292.6
6,7,2024/01/09,42,SD025-4,SD025,4,57500000,1211000000,240000000,502833333.3,357981183.6
6,7,2024/01/09,42,SD025-5,SD025,5,101000000,160000000,116000000,125666666.7,17704362.3
6,7,2024/01/09,42,Sd025-6,SD025,6,25200000,193000000,147000000,121733333.3,50060008.43
6,7,2024/01/09,42,SD025-7,SD025,7,123000000,226000000,206000000,185000000,31533051.44
6,7,2024/01/09,42,SD100-1,SD100,1,199000000,116000000,141000000,152000000,24583192.09
6,7,2024/01/09,42,SD100-2,SD100,2,74500000,143000000,134000000,117166666.7,21490954.17
6,7,2024/01/09,42,SD100-3,SD100,3,155000000,34600000,192000000,127200000,47516032.38
6,7,2024/01/09,42,SD100-4,SD100,4,12300000,178000000,201000000,130433333.3,59438661.19
6,7,2024/01/09,42,SD100-5,SD100,5,101000000,188000000,158000000,149000000,25514701.64
6,7,2024/01/09,42,SD100-6,SD100,6,182000000,194000000,235000000,203666666.7,16045075.4
6,7,2024/01/09,42,SD100-7,SD100,7,19900000,179000000,216000000,138300000,60155825.43
7,0,2024/01/09,42.5,Cont-1,Control,1,8150000,6150000,20100000,11466666.67,4355105.561
7,0,2024/01/09,42.5,Cont-2,Control,2,10500000,9850000,9700000,10016666.67,245515.331
7,0,2024/01/09,42.5,Cont-3,Control,3,9750000,8900000,5050000,7900000,1445971.415
7,0,2024/01/09,42.5,Lin-1,Linear,1,1585000,720000,2090000,1465000,400010.4165
7,0,2024/01/09,42.5,Lin-2,Linear,2,3835000,3410000,3440000,3561666.667,136940.782
7,0,2024/01/09,42.5,Lin-3,Linear,3,3930000,3795000,4320000,4015000,157400.7624
7,0,2024/01/09,42.5,Lin-4,Linear,4,725000,88000,3400000,1404333.333,1014635.622
7,0,2024/01/09,42.5,Lin-5,Linear,5,9000000,9850000,6550000,8466666.667,989247.7501
7,0,2024/01/09,42.5,Lin-6,Linear,6,3575000,3285000,3020000,3293333.333,160268.8713
7,0,2024/01/09,42.5,Lin-7,Linear,7,5900000,6750000,675000,4441666.667,1899250.583
7,0,2024/01/09,42.5,SD025-1,SD025,1,5300000,6850000,5500000,5883333.333,486769.3956
7,0,2024/01/09,42.5,SD025-2,SD025,2,1175000,970000,6650000,2931666.667,1860108.27
7,0,2024/01/09,42.5,SD025-3,SD025,3,10100000,13250000,8000000,10450000,1525614.63
7,0,2024/01/09,42.5,SD025-4,SD025,4,2875000,60550000,12000000,25141666.67,17899059.18
7,0,2024/01/09,42.5,SD025-5,SD025,5,5050000,8000000,5800000,6283333.333,885218.115
7,0,2024/01/09,42.5,Sd025-6,SD025,6,1260000,9650000,7350000,6086666.667,2503000.422
7,0,2024/01/09,42.5,SD025-7,SD025,7,6150000,11300000,10300000,9250000,1576652.572
7,0,2024/01/09,42.5,SD100-1,SD100,1,9950000,5800000,7050000,7600000,1229159.604
7,0,2024/01/09,42.5,SD100-2,SD100,2,3725000,7150000,6700000,5858333.333,1074547.708
7,0,2024/01/09,42.5,SD100-3,SD100,3,7750000,1730000,9600000,6360000,2375801.619
7,0,2024/01/09,42.5,SD100-4,SD100,4,615000,8900000,10050000,6521666.667,2971933.06
7,0,2024/01/09,42.5,SD100-5,SD100,5,5050000,9400000,7900000,7450000,1275735.082
7,0,2024/01/09,42.5,SD100-6,SD100,6,9100000,9700000,11750000,10183333.33,802253.7698
7,0,2024/01/09,42.5,SD100-7,SD100,7,995000,8950000,10800000,6915000,3007791.272
7,3,2024/01/12,45,Cont-1,Control,1,27500000,57100000,61200000,48600000,10616182.62
7,3,2024/01/12,45,Cont-2,Control,2,51400000,53000000,56200000,53533333.33,1411067.366
7,3,2024/01/12,45,Cont-3,Control,3,47700000,53400000,56100000,52400000,2475883.681
7,3,2024/01/12,45,Lin-1,Linear,1,13400000,14900000,15200000,14500000,556776.4363
7,3,2024/01/12,45,Lin-2,Linear,2,15100000,14400000,15800000,15100000,404145.1884
7,3,2024/01/12,45,Lin-3,Linear,3,11300000,12200000,14100000,12533333.33,825294.5602
7,3,2024/01/12,45,Lin-4,Linear,4,5880000,17300000,16100000,13093333.33,3623264.335
7,3,2024/01/12,45,Lin-5,Linear,5,16700000,16400000,14800000,15966666.67,589726.8671
7,3,2024/01/12,45,Lin-6,Linear,6,17100000,18900000,20100000,18700000,871779.7887
7,3,2024/01/12,45,Lin-7,Linear,7,16900000,16400000,17500000,16933333.33,317979.7338
7,3,2024/01/12,45,SD025-1,SD025,1,24100000,18400000,27400000,23300000,2628687.886
7,3,2024/01/12,45,SD025-2,SD025,2,22200000,23300000,23300000,22933333.33,366666.6667
7,3,2024/01/12,45,SD025-3,SD025,3,20200000,22900000,20700000,21266666.67,829323.687
7,3,2024/01/12,45,SD025-4,SD025,4,20900000,22500000,22700000,22033333.33,569600.2497
7,3,2024/01/12,45,SD025-5,SD025,5,21600000,21900000,23200000,22233333.33,491030.6621
7,3,2024/01/12,45,Sd025-6,SD025,6,22800000,23100000,23500000,23133333.33,202758.751
7,3,2024/01/12,45,SD025-7,SD025,7,24000000,25200000,25000000,24733333.33,371184.2909
7,3,2024/01/12,45,SD100-1,SD100,1,29900000,31300000,31500000,30900000,503322.2957
7,3,2024/01/12,45,SD100-2,SD100,2,24200000,30400000,31200000,28600000,2212088.003
7,3,2024/01/12,45,SD100-3,SD100,3,24400000,26000000,25100000,25166666.67,463081.4663
7,3,2024/01/12,45,SD100-4,SD100,4,7780000,24300000,26700000,19593333.33,5947159.92
7,3,2024/01/12,45,SD100-5,SD100,5,25000000,16600000,15000000,18866666.67,3101254.227
7,3,2024/01/12,45,SD100-6,SD100,6,20000000,23800000,26700000,23500000,1939931.27
7,3,2024/01/12,45,SD100-7,SD100,7,29700000,30400000,25400000,28500000,1563116.545
7,7,2024/01/16,49,Cont-1,Control,1,226000000,236000000,243000000,235000000,4932882.862
7,7,2024/01/16,49,Cont-2,Control,2,765400000,194000000,246000000,401800000,182418675.9
7,7,2024/01/16,49,Cont-3,Control,3,230000000,233000000,235000000,232666666.7,1452966.315
7,7,2024/01/16,49,Lin-1,Linear,1,9910000,72000000,43900000,41936666.67,17950701.32
7,7,2024/01/16,49,Lin-2,Linear,2,51700000,69900000,75000000,65533333.33,7071617.762
7,7,2024/01/16,49,Lin-3,Linear,3,22800000,47800000,39100000,36566666.67,7327194.4
7,7,2024/01/16,49,Lin-4,Linear,4,58700000,60500000,57700000,58966666.67,819213.7152
7,7,2024/01/16,49,Lin-5,Linear,5,31300000,36100000,39700000,35700000,2433105.012
7,7,2024/01/16,49,Lin-6,Linear,6,30600000,52000000,46500000,43033333.33,6416212.105
7,7,2024/01/16,49,Lin-7,Linear,7,37400000,51900000,54700000,48000000,5361280.941
7,7,2024/01/16,49,SD025-1,SD025,1,17900000,61900000,65900000,48566666.67,15376750.13
7,7,2024/01/16,49,SD025-2,SD025,2,118000000,133000000,152000000,134333333.3,9837569.709
7,7,2024/01/16,49,SD025-3,SD025,3,90300000,67600000,95100000,84333333.33,8480631.528
7,7,2024/01/16,49,SD025-4,SD025,4,75300000,85000000,82900000,81066666.67,2946372.534
7,7,2024/01/16,49,SD025-5,SD025,5,64900000,84900000,81600000,77133333.33,6190404.761
7,7,2024/01/16,49,Sd025-6,SD025,6,91600000,71700000,91700000,85000000,6650062.656
7,7,2024/01/16,49,SD025-7,SD025,7,72300000,91700000,91600000,85200000,6450064.599
7,7,2024/01/16,49,SD100-1,SD100,1,126000000,131000000,120000000,125666666.7,3179797.338
7,7,2024/01/16,49,SD100-2,SD100,2,143000000,138000000,150000000,143666666.7,3480102.17
7,7,2024/01/16,49,SD100-3,SD100,3,65100000,79400000,83500000,76000000,5577036.25
7,7,2024/01/16,49,SD100-4,SD100,4,62900000,134000000,132000000,109633333.3,23373798.25
7,7,2024/01/16,49,SD100-5,SD100,5,199000000,201000000,206000000,202000000,2081665.999
7,7,2024/01/16,49,SD100-6,SD100,6,73700000,87400000,105000000,88700000,9058881.461
7,7,2024/01/16,49,SD100-7,SD100,7,244000000,107000000,128000000,159666666.7,42600208.66
8,0,2024/01/16,49.5,Cont-1,Control,1,11300000,11800000,12150000,11750000,246644.1431
8,0,2024/01/16,49.5,Cont-2,Control,2,38270000,9700000,12300000,20090000,9120933.797
8,0,2024/01/16,49.5,Cont-3,Control,3,11500000,11650000,11750000,11633333.33,72648.31573
8,0,2024/01/16,49.5,Lin-1,Linear,1,495500,3600000,2195000,2096833.333,897535.0659
8,0,2024/01/16,49.5,Lin-2,Linear,2,2585000,3495000,3750000,3276666.667,353580.8881
8,0,2024/01/16,49.5,Lin-3,Linear,3,1140000,2390000,1955000,1828333.333,366359.72
8,0,2024/01/16,49.5,Lin-4,Linear,4,2935000,3025000,2885000,2948333.333,40960.68576
8,0,2024/01/16,49.5,Lin-5,Linear,5,1565000,1805000,1985000,1785000,121655.2506
8,0,2024/01/16,49.5,Lin-6,Linear,6,1530000,2600000,2325000,2151666.667,320810.6053
8,0,2024/01/16,49.5,Lin-7,Linear,7,1870000,2595000,2735000,2400000,268064.0471
8,0,2024/01/16,49.5,SD025-1,SD025,1,895000,3095000,3295000,2428333.333,768837.5063
8,0,2024/01/16,49.5,SD025-2,SD025,2,5900000,6650000,7600000,6716666.667,491878.4854
8,0,2024/01/16,49.5,SD025-3,SD025,3,4515000,3380000,4755000,4216666.667,424031.5764
8,0,2024/01/16,49.5,SD025-4,SD025,4,3765000,4250000,4145000,4053333.333,147318.6267
8,0,2024/01/16,49.5,SD025-5,SD025,5,3245000,4245000,4080000,3856666.667,309520.2381
8,0,2024/01/16,49.5,Sd025-6,SD025,6,4580000,3585000,4585000,4250000,332503.1328
8,0,2024/01/16,49.5,SD025-7,SD025,7,3615000,4585000,4580000,4260000,322503.23
8,0,2024/01/16,49.5,SD100-1,SD100,1,6300000,6550000,6000000,6283333.333,158989.8669
8,0,2024/01/16,49.5,SD100-2,SD100,2,7150000,6900000,7500000,7183333.333,174005.1085
8,0,2024/01/16,49.5,SD100-3,SD100,3,3255000,3970000,4175000,3800000,278851.8125
8,0,2024/01/16,49.5,SD100-4,SD100,4,3145000,6700000,6600000,5481666.667,1168689.912
8,0,2024/01/16,49.5,SD100-5,SD100,5,9950000,10050000,10300000,10100000,104083.3
8,0,2024/01/16,49.5,SD100-6,SD100,6,3685000,4370000,5250000,4435000,452944.0731
8,0,2024/01/16,49.5,SD100-7,SD100,7,12200000,5350000,6400000,7983333.333,2130010.433
8,3,2024/01/19,52,Cont-1,Control,1,31800000,56900000,61500000,50066666.67,9229361.36
8,3,2024/01/19,52,Cont-2,Control,2,57700000,63700000,71600000,64333333.33,4025060.386
8,3,2024/01/19,52,Cont-3,Control,3,49100000,24700000,22600000,32133333.33,8504965.87
8,3,2024/01/19,52,Lin-1,Linear,1,13600000,13100000,13300000,13333333.33,145296.6315
8,3,2024/01/19,52,Lin-2,Linear,2,11300000,4540000,5360000,7066666.667,2129861.759
8,3,2024/01/19,52,Lin-3,Linear,3,7190000,8860000,7860000,7970000,485214.7291
8,3,2024/01/19,52,Lin-4,Linear,4,3650000,9180000,85700000,32843333.33,26476503
8,3,2024/01/19,52,Lin-5,Linear,5,8400000,500000,11600000,6833333.333,3298652.924
8,3,2024/01/19,52,Lin-6,Linear,6,3130000,12300000,10300000,8576666.667,2783860.23
8,3,2024/01/19,52,Lin-7,Linear,7,14500000,17200000,16400000,16033333.33,800694.1433
8,3,2024/01/19,52,SD025-1,SD025,1,8150000,10200000,10600000,9650000,758836.8292
8,3,2024/01/19,52,SD025-2,SD025,2,7070000,9800000,8640000,8503333.333,791040.1029
8,3,2024/01/19,52,SD025-3,SD025,3,11200000,12200000,5990000,9796666.667,1925100.286
8,3,2024/01/19,52,SD025-4,SD025,4,7060000,3730000,4160000,4983333.333,1045726.754
8,3,2024/01/19,52,SD025-5,SD025,5,11300000,11200000,10200000,10900000,351188.4584
8,3,2024/01/19,52,Sd025-6,SD025,6,12000000,12500000,13400000,12633333.33,409606.8576
8,3,2024/01/19,52,SD025-7,SD025,7,10100000,11500000,10100000,10566666.67,466666.6667
8,3,2024/01/19,52,SD100-1,SD100,1,2970000,12000000,11500000,8823333.333,2930223.731
8,3,2024/01/19,52,SD100-2,SD100,2,5420000,10300000,10900000,8873333.333,1735332.181
8,3,2024/01/19,52,SD100-3,SD100,3,9650000,9510000,9350000,9503333.333,86666.66667
8,3,2024/01/19,52,SD100-4,SD100,4,9460000,12100000,11000000,10853333.33,765622.4773
8,3,2024/01/19,52,SD100-5,SD100,5,10800000,12500000,12100000,11800000,513160.1439
8,3,2024/01/19,52,SD100-6,SD100,6,9880000,10300000,10800000,10326666.67,265915.609
8,3,2024/01/19,52,SD100-7,SD100,7,10700000,12100000,11300000,11366666.67,405517.502
8,7,2024/01/23,56,Cont-1,Control,1,250000000,248000000,274000000,257333333.3,8353309.391
8,7,2024/01/23,56,Cont-2,Control,2,225000000,237000000,236000000,232666666.7,3844187.532
8,7,2024/01/23,56,Cont-3,Control,3,234000000,254000000,241000000,243000000,5859465.277
8,7,2024/01/23,56,Lin-1,Linear,1,36900000,36200000,45200000,39433333.33,2890405.585
8,7,2024/01/23,56,Lin-2,Linear,2,30700000,33700000,34700000,33033333.33,1201850.425
8,7,2024/01/23,56,Lin-3,Linear,3,33600000,34300000,36300000,34733333.33,808977.4066
8,7,2024/01/23,56,Lin-4,Linear,4,20900000,30700000,7860000,19820000,6615416.339
8,7,2024/01/23,56,Lin-5,Linear,5,49400000,45000000,50700000,48366666.67,1724657.776
8,7,2024/01/23,56,Lin-6,Linear,6,11300000,18100000,25600000,18333333.33,4129702.707
8,7,2024/01/23,56,Lin-7,Linear,7,46400000,44900000,55600000,48966666.67,3344813.564
8,7,2024/01/23,56,SD025-1,SD025,1,30000000,13000000,10400000,17800000,6146001.41
8,7,2024/01/23,56,SD025-2,SD025,2,44500000,50300000,44500000,46433333.33,1933333.333
8,7,2024/01/23,56,SD025-3,SD025,3,38900000,29200000,26600000,31566666.67,3742696.592
8,7,2024/01/23,56,SD025-4,SD025,4,9790000,29600000,29900000,23096666.67,6653896.937
8,7,2024/01/23,56,SD025-5,SD025,5,24200000,11800000,9910000,15303333.33,4481667.596
8,7,2024/01/23,56,Sd025-6,SD025,6,30400000,34300000,38100000,34266666.67,2222861.019
8,7,2024/01/23,56,SD025-7,SD025,7,36100000,38900000,39900000,38300000,1137248.141
8,7,2024/01/23,56,SD100-1,SD100,1,38900000,39100000,54400000,44133333.33,5133657.998
8,7,2024/01/23,56,SD100-2,SD100,2,18100000,64200000,60300000,47533333.33,14759667.27
8,7,2024/01/23,56,SD100-3,SD100,3,37300000,38300000,41700000,39100000,1331665.624
8,7,2024/01/23,56,SD100-4,SD100,4,39300000,32300000,36000000,35866666.67,2021825.358
8,7,2024/01/23,56,SD100-5,SD100,5,28100000,22700000,23300000,24700000,1708800.749
8,7,2024/01/23,56,SD100-6,SD100,6,31600000,40100000,36900000,36200000,2478574.859
8,7,2024/01/23,56,SD100-7,SD100,7,24700000,28000000,33800000,28833333.33,2659782.781
9,0,2024/01/23,56.5,Cont-1,Control,1,12500000,12400000,13700000,12866666.67,417665.4695
9,0,2024/01/23,56.5,Cont-2,Control,2,11250000,11850000,11800000,11633333.33,192209.3766
9,0,2024/01/23,56.5,Cont-3,Control,3,11700000,12700000,12050000,12150000,292973.2639
9,0,2024/01/23,56.5,Lin-1,Linear,1,1845000,1810000,2260000,1971666.667,144520.2792
9,0,2024/01/23,56.5,Lin-2,Linear,2,1535000,1685000,1735000,1651666.667,60092.52126
9,0,2024/01/23,56.5,Lin-3,Linear,3,1680000,1715000,1815000,1736666.667,40448.87033
9,0,2024/01/23,56.5,Lin-4,Linear,4,1045000,1535000,393000,991000,330770.8169
9,0,2024/01/23,56.5,Lin-5,Linear,5,2470000,2250000,2535000,2418333.333,86232.8888
9,0,2024/01/23,56.5,Lin-6,Linear,6,565000,905000,1280000,916666.6667,206485.1353
9,0,2024/01/23,56.5,Lin-7,Linear,7,2320000,2245000,2780000,2448333.333,167240.6782
9,0,2024/01/23,56.5,SD025-1,SD025,1,1500000,650000,520000,890000,307300.0705
9,0,2024/01/23,56.5,SD025-2,SD025,2,2225000,2515000,2225000,2321666.667,96666.66667
9,0,2024/01/23,56.5,SD025-3,SD025,3,1945000,1460000,1330000,1578333.333,187134.8296
9,0,2024/01/23,56.5,SD025-4,SD025,4,489500,1480000,1495000,1154833.333,332694.8468
9,0,2024/01/23,56.5,SD025-5,SD025,5,1210000,590000,495500,765166.6667,224083.3798
9,0,2024/01/23,56.5,Sd025-6,SD025,6,1520000,1715000,1905000,1713333.333,111143.051
9,0,2024/01/23,56.5,SD025-7,SD025,7,1805000,1945000,1995000,1915000,56862.40703
9,0,2024/01/23,56.5,SD100-1,SD100,1,1945000,1955000,2720000,2206666.667,256682.8999
9,0,2024/01/23,56.5,SD100-2,SD100,2,905000,3210000,3015000,2376666.667,737983.3633
9,0,2024/01/23,56.5,SD100-3,SD100,3,1865000,1915000,2085000,1955000,66583.28118
9,0,2024/01/23,56.5,SD100-4,SD100,4,1965000,1615000,1800000,1793333.333,101091.2679
9,0,2024/01/23,56.5,SD100-5,SD100,5,1405000,1135000,1165000,1235000,85440.03745
9,0,2024/01/23,56.5,SD100-6,SD100,6,1580000,2005000,1845000,1810000,123928.743
9,0,2024/01/23,56.5,SD100-7,SD100,7,1235000,1400000,1690000,1441666.667,132989.1391
9,3,2024/01/26,59,Cont-1,Control,1,52100000,54500000,57800000,54800000,1652271.164
9,3,2024/01/26,59,Cont-2,Control,2,58500000,60200000,65700000,61466666.67,2172811.798
9,3,2024/01/26,59,Cont-3,Control,3,27100000,53700000,58600000,46466666.67,9786101.255
9,3,2024/01/26,59,Lin-1,Linear,1,1610000,3910000,5220000,3580000,1055098.732
9,3,2024/01/26,59,Lin-2,Linear,2,3370000,5360000,5090000,4606666.667,623226.3723
9,3,2024/01/26,59,Lin-3,Linear,3,3940000,4240000,3570000,3916666.667,193763.8884
9,3,2024/01/26,59,Lin-4,Linear,4,2410000,3520000,3550000,3160000,375099.9867
9,3,2024/01/26,59,Lin-5,Linear,5,1250000,3160000,2220000,2210000,551392.1774
9,3,2024/01/26,59,Lin-6,Linear,6,1150000,3360000,3710000,2740000,801394.6177
9,3,2024/01/26,59,Lin-7,Linear,7,1070000,3530000,3930000,2843333.333,894153.852
9,3,2024/01/26,59,SD025-1,SD025,1,3290000,3790000,3920000,3666666.667,192035.8763
9,3,2024/01/26,59,SD025-2,SD025,2,3210000,3460000,3300000,3323333.333,73105.70733
9,3,2024/01/26,59,SD025-3,SD025,3,2490000,4710000,3500000,3566666.667,641725.1056
9,3,2024/01/26,59,SD025-4,SD025,4,2350000,2980000,2890000,2740000,196723.1557
9,3,2024/01/26,59,SD025-5,SD025,5,2550000,3740000,2840000,3043333.333,358251.9287
9,3,2024/01/26,59,Sd025-6,SD025,6,311000,2520000,4350000,2393666.667,1167668.665
9,3,2024/01/26,59,SD025-7,SD025,7,2650000,2570000,3230000,2816666.667,207952.9861
9,3,2024/01/26,59,SD100-1,SD100,1,2900000,3060000,2650000,2870000,119303.5345
9,3,2024/01/26,59,SD100-2,SD100,2,1980000,1640000,2400000,2006666.667,219797.887
9,3,2024/01/26,59,SD100-3,SD100,3,2320000,2450000,2380000,2383333.333,37564.7589
9,3,2024/01/26,59,SD100-4,SD100,4,2790000,2990000,2800000,2860000,65064.07099
9,3,2024/01/26,59,SD100-5,SD100,5,2130000,2730000,2840000,2566666.667,220630.4099
9,3,2024/01/26,59,SD100-6,SD100,6,1670000,2980000,2620000,2423333.333,390740.0386
9,3,2024/01/26,59,SD100-7,SD100,7,1680000,2290000,2410000,2126666.667,226003.9331
9,7,2024/01/30,63,Cont-1,Control,1,217000000,292000000,327000000,278666666.7,32446537.22
9,7,2024/01/30,63,Cont-2,Control,2,116000000,236000000,256000000,202666666.7,43716256.83
9,7,2024/01/30,63,Cont-3,Control,3,226000000,347000000,259000000,277333333.3,36112478.61
9,7,2024/01/30,63,Lin-1,Linear,1,24800000,20900000,24900000,23533333.33,1316983.084
9,7,2024/01/30,63,Lin-2,Linear,2,5750000,16900000,14300000,12316666.67,3368027.778
9,7,2024/01/30,63,Lin-3,Linear,3,6860000,14100000,15600000,12186666.67,2698303.994
9,7,2024/01/30,63,Lin-4,Linear,4,15100000,13000000,12700000,13600000,754983.4435
9,7,2024/01/30,63,Lin-5,Linear,5,10400000,13100000,12200000,11900000,793725.3933
9,7,2024/01/30,63,Lin-6,Linear,6,12400000,12800000,12700000,12633333.33,120185.0425
9,7,2024/01/30,63,Lin-7,Linear,7,9620000,13000000,13100000,11906666.67,1143697.707
9,7,2024/01/30,63,SD025-1,SD025,1,8330000,15200000,14400000,12643333.33,2168996.184
9,7,2024/01/30,63,SD025-2,SD025,2,14800000,13100000,17000000,14966666.67,1128912.948
9,7,2024/01/30,63,SD025-3,SD025,3,11300000,11500000,13400000,12066666.67,669161.9967
9,7,2024/01/30,63,SD025-4,SD025,4,10600000,11500000,12500000,11533333.33,548735.9211
9,7,2024/01/30,63,SD025-5,SD025,5,12300000,17300000,12100000,13900000,1700980.11
9,7,2024/01/30,63,Sd025-6,SD025,6,10200000,14800000,13300000,12766666.67,1354416.644
9,7,2024/01/30,63,SD025-7,SD025,7,9030000,14500000,11300000,11610000,1586642.157
9,7,2024/01/30,63,SD100-1,SD100,1,7920000,8740000,7510000,8056666.667,361586.0125
9,7,2024/01/30,63,SD100-2,SD100,2,5690000,4280000,11200000,7056666.667,2111273.97
9,7,2024/01/30,63,SD100-3,SD100,3,8270000,7040000,6800000,7370000,455302.0975
9,7,2024/01/30,63,SD100-4,SD100,4,5340000,7100000,12800000,8413333.333,2251409.435
9,7,2024/01/30,63,SD100-5,SD100,5,7510000,6570000,6860000,6980000,277908.858
9,7,2024/01/30,63,SD100-6,SD100,6,6740000,6860000,6330000,6643333.333,160450.754
9,7,2024/01/30,63,SD100-7,SD100,7,7620000,7620000,7510000,7583333.333,36666.66667
10,0,2024/01/30,63.5,Cont-1,Control,1,10850000,14600000,16350000,13933333.33,1622326.861
10,0,2024/01/30,63.5,Cont-2,Control,2,5800000,11800000,12800000,10133333.33,2185812.841
10,0,2024/01/30,63.5,Cont-3,Control,3,11300000,17350000,12950000,13866666.67,1805623.93
10,0,2024/01/30,63.5,Lin-1,Linear,1,1240000,1045000,1245000,1176666.667,65849.15422
10,0,2024/01/30,63.5,Lin-2,Linear,2,287500,845000,715000,615833.3333,168401.3889
10,0,2024/01/30,63.5,Lin-3,Linear,3,343000,705000,780000,609333.3333,134915.1997
10,0,2024/01/30,63.5,Lin-4,Linear,4,755000,650000,635000,680000,37749.17218
10,0,2024/01/30,63.5,Lin-5,Linear,5,520000,655000,610000,595000,39686.26967
10,0,2024/01/30,63.5,Lin-6,Linear,6,620000,640000,635000,631666.6667,6009.252126
10,0,2024/01/30,63.5,Lin-7,Linear,7,481000,650000,655000,595333.3333,57184.88534
10,0,2024/01/30,63.5,SD025-1,SD025,1,416500,760000,720000,632166.6667,108449.8092
10,0,2024/01/30,63.5,SD025-2,SD025,2,740000,655000,850000,748333.3333,56445.64741
10,0,2024/01/30,63.5,SD025-3,SD025,3,565000,575000,670000,603333.3333,33458.09983
10,0,2024/01/30,63.5,SD025-4,SD025,4,530000,575000,625000,576666.6667,27436.79606
10,0,2024/01/30,63.5,SD025-5,SD025,5,615000,865000,605000,695000,85049.00548
10,0,2024/01/30,63.5,Sd025-6,SD025,6,510000,740000,665000,638333.3333,67720.83218
10,0,2024/01/30,63.5,SD025-7,SD025,7,451500,725000,565000,580500,79332.10783
10,0,2024/01/30,63.5,SD100-1,SD100,1,396000,437000,375500,402833.3333,18079.30063
10,0,2024/01/30,63.5,SD100-2,SD100,2,284500,214000,560000,352833.3333,105563.6985
10,0,2024/01/30,63.5,SD100-3,SD100,3,413500,352000,340000,368500,22765.10488
10,0,2024/01/30,63.5,SD100-4,SD100,4,267000,355000,640000,420666.6667,112570.4718
10,0,2024/01/30,63.5,SD100-5,SD100,5,375500,328500,343000,349000,13895.4429
10,0,2024/01/30,63.5,SD100-6,SD100,6,337000,343000,316500,332166.6667,8022.537698
10,0,2024/01/30,63.5,SD100-7,SD100,7,381000,381000,375500,379166.6667,1833.333333
10,3,2024/02/02,66,Cont-1,Control,1,42600000,61500000,65700000,56600000,7104224.096
10,3,2024/02/02,66,Cont-2,Control,2,51300000,50900000,55600000,52600000,1504437.88
10,3,2024/02/02,66,Cont-3,Control,3,55000000,59700000,64600000,59766666.67,2771481.754
10,3,2024/02/02,66,Lin-1,Linear,1,2180000,2540000,2480000,2400000,111355.2873
10,3,2024/02/02,66,Lin-2,Linear,2,1710000,2280000,2470000,2153333.333,228351.5808
10,3,2024/02/02,66,Lin-3,Linear,3,2020000,2620000,2150000,2263333.333,182239.1591
10,3,2024/02/02,66,Lin-4,Linear,4,2400000,2610000,2830000,2613333.333,124141.4963
10,3,2024/02/02,66,Lin-5,Linear,5,2110000,2300000,2300000,2236666.667,63333.33333
10,3,2024/02/02,66,Lin-6,Linear,6,2130000,2520000,2640000,2430000,153948.0432
10,3,2024/02/02,66,Lin-7,Linear,7,2370000,2870000,2760000,2666666.667,151694.1367
10,3,2024/02/02,66,SD025-1,SD025,1,1540000,2380000,1820000,1913333.333,246936.789
10,3,2024/02/02,66,SD025-2,SD025,2,1430000,968000,721000,1039666.667,207783.8086
10,3,2024/02/02,66,SD025-3,SD025,3,1790000,1950000,1900000,1880000,47258.15626
10,3,2024/02/02,66,SD025-4,SD025,4,1980000,1830000,1310000,1706666.667,203005.1997
10,3,2024/02/02,66,SD025-5,SD025,5,1520000,2240000,2090000,1950000,219317.122
10,3,2024/02/02,66,Sd025-6,SD025,6,1410000,2450000,2150000,2003333.333,309048.7196
10,3,2024/02/02,66,SD025-7,SD025,7,1200000,2190000,1880000,1756666.667,292365.8287
10,3,2024/02/02,66,SD100-1,SD100,1,1030000,1520000,1470000,1340000,155670.5924
10,3,2024/02/02,66,SD100-2,SD100,2,944000,1300000,1160000,1134666.667,103546.0177
10,3,2024/02/02,66,SD100-3,SD100,3,346000,1320000,1220000,962000,309349.8559
10,3,2024/02/02,66,SD100-4,SD100,4,440000,1200000,880000,840000,220302.8219
10,3,2024/02/02,66,SD100-5,SD100,5,581000,1110000,716000,802333.3333,158692.925
10,3,2024/02/02,66,SD100-6,SD100,6,774000,1160000,1560000,1164666.667,226910.653
10,3,2024/02/02,66,SD100-7,SD100,7,1240000,1550000,1400000,1396666.667,89504.81055
10,7,2024/02/06,70,Cont-1,Control,1,118000000,118000000,148000000,128000000,10000000
10,7,2024/02/06,70,Cont-2,Control,2,149000000,234000000,243000000,208666666.7,29946248.14
10,7,2024/02/06,70,Cont-3,Control,3,178000000,261000000,214000000,217666666.7,24030073.75
10,7,2024/02/06,70,Lin-1,Linear,1,9110000,9230000,9390000,9243333.333,81103.5004
10,7,2024/02/06,70,Lin-2,Linear,2,2930000,8620000,210000,3920000,2477707.274
10,7,2024/02/06,70,Lin-3,Linear,3,7860000,5190000,3300000,5450000,1322762.261
10,7,2024/02/06,70,Lin-4,Linear,4,9180000,8370000,8850000,8800000,235159.5203
10,7,2024/02/06,70,Lin-5,Linear,5,9620000,8940000,9150000,9236666.667,201025.1504
10,7,2024/02/06,70,Lin-6,Linear,6,9010000,8730000,10800000,9513333.333,648391.1714
10,7,2024/02/06,70,Lin-7,Linear,7,9020000,8520000,9220000,8920000,208166.5999
10,7,2024/02/06,70,SD025-1,SD025,1,7450000,7750000,7740000,7646666.667,98375.69709
10,7,2024/02/06,70,SD025-2,SD025,2,7550000,7460000,7590000,7533333.333,38441.87532
10,7,2024/02/06,70,SD025-3,SD025,3,6900000,6680000,6420000,6666666.667,138724.347
10,7,2024/02/06,70,SD025-4,SD025,4,6490000,6990000,7440000,6973333.333,274367.9606
10,7,2024/02/06,70,SD025-5,SD025,5,8520000,7720000,7470000,7903333.333,316666.6667
10,7,2024/02/06,70,Sd025-6,SD025,6,5780000,6280000,6510000,6190000,215483.9515
10,7,2024/02/06,70,SD025-7,SD025,7,6850000,7770000,8030000,7550000,357957.1669
10,7,2024/02/06,70,SD100-1,SD100,1,5600000,6220000,6220000,6013333.333,206666.6667
10,7,2024/02/06,70,SD100-2,SD100,2,3990000,6120000,7270000,5793333.333,960838.754
10,7,2024/02/06,70,SD100-3,SD100,3,5630000,5850000,5690000,5723333.333,65659.05201
10,7,2024/02/06,70,SD100-4,SD100,4,6800000,2210000,2210000,3740000,1530000
10,7,2024/02/06,70,SD100-5,SD100,5,4880000,3940000,4060000,4293333.333,295371.7056
10,7,2024/02/06,70,SD100-6,SD100,6,3270000,6960000,6770000,5666666.667,1199587.892
10,7,2024/02/06,70,SD100-7,SD100,7,5980000,5270000,6170000,5806666.667,273881.564
11,0,2024/02/06,70.5,Cont-1,Control,1,5900000,5900000,7400000,6400000,500000
11,0,2024/02/06,70.5,Cont-2,Control,2,7450000,11700000,12150000,10433333.33,1497312.407
11,0,2024/02/06,70.5,Cont-3,Control,3,8900000,13050000,10700000,10883333.33,1201503.688
11,0,2024/02/06,70.5,Lin-1,Linear,1,455500,461500,469500,462166.6667,4055.17502
11,0,2024/02/06,70.5,Lin-2,Linear,2,146500,431000,10500,196000,123885.3637
11,0,2024/02/06,70.5,Lin-3,Linear,3,393000,259500,165000,272500,66138.11307
11,0,2024/02/06,70.5,Lin-4,Linear,4,459000,418500,442500,440000,11757.97602
11,0,2024/02/06,70.5,Lin-5,Linear,5,481000,447000,457500,461833.3333,10051.25752
11,0,2024/02/06,70.5,Lin-6,Linear,6,450500,436500,540000,475666.6667,32419.55857
11,0,2024/02/06,70.5,Lin-7,Linear,7,451000,426000,461000,446000,10408.33
11,0,2024/02/06,70.5,SD025-1,SD025,1,372500,387500,387000,382333.3333,4918.784854
11,0,2024/02/06,70.5,SD025-2,SD025,2,377500,373000,379500,376666.6667,1922.093766
11,0,2024/02/06,70.5,SD025-3,SD025,3,345000,334000,321000,333333.3333,6936.217349
11,0,2024/02/06,70.5,SD025-4,SD025,4,324500,349500,372000,348666.6667,13718.39803
11,0,2024/02/06,70.5,SD025-5,SD025,5,426000,386000,373500,395166.6667,15833.33333
11,0,2024/02/06,70.5,Sd025-6,SD025,6,289000,314000,325500,309500,10774.19757
11,0,2024/02/06,70.5,SD025-7,SD025,7,342500,388500,401500,377500,17897.85834
11,0,2024/02/06,70.5,SD100-1,SD100,1,280000,311000,311000,300666.6667,10333.33333
11,0,2024/02/06,70.5,SD100-2,SD100,2,199500,306000,363500,289666.6667,48041.9377
11,0,2024/02/06,70.5,SD100-3,SD100,3,281500,292500,284500,286166.6667,3282.952601
11,0,2024/02/06,70.5,SD100-4,SD100,4,340000,110500,110500,187000,76500
11,0,2024/02/06,70.5,SD100-5,SD100,5,244000,197000,203000,214666.6667,14768.58528
11,0,2024/02/06,70.5,SD100-6,SD100,6,163500,348000,338500,283333.3333,59979.39461
11,0,2024/02/06,70.5,SD100-7,SD100,7,299000,263500,308500,290333.3333,13694.0782
11,3,2024/02/09,73,Cont-1,Control,1,22500000,52800000,56500000,43933333.33,10769762.2
11,3,2024/02/09,73,Cont-2,Control,2,29800000,58400000,62400000,50200000,10265151.4
11,3,2024/02/09,73,Cont-3,Control,3,53900000,59700000,62100000,58566666.67,2434018.168
11,3,2024/02/09,73,Lin-1,Linear,1,1070000,1240000,1310000,1206666.667,71258.52775
11,3,2024/02/09,73,Lin-2,Linear,2,1060000,1130000,1040000,1076666.667,27284.50924
11,3,2024/02/09,73,Lin-3,Linear,3,1140000,1380000,1870000,1463333.333,214812.5798
11,3,2024/02/09,73,Lin-4,Linear,4,1050000,1170000,1420000,1213333.333,108985.2182
11,3,2024/02/09,73,Lin-5,Linear,5,845000,1570000,698000,1037666.667,269528.1886
11,3,2024/02/09,73,Lin-6,Linear,6,891000,1220000,1290000,1133666.667,123004.5166
11,3,2024/02/09,73,Lin-7,Linear,7,1090000,1300000,780000,1056666.667,151033.4768
11,3,2024/02/09,73,SD025-1,SD025,1,569000,765000,516000,616666.6667,75728.31556
11,3,2024/02/09,73,SD025-2,SD025,2,1140000,1480000,1270000,1296666.667,99051.05305
11,3,2024/02/09,73,SD025-3,SD025,3,1510000,1510000,2300000,1773333.333,263333.3333
11,3,2024/02/09,73,SD025-4,SD025,4,1340000,792000,1230000,1120666.667,167373.1692
11,3,2024/02/09,73,SD025-5,SD025,5,827000,1870000,1520000,1405666.667,306467.1452
11,3,2024/02/09,73,Sd025-6,SD025,6,1120000,1610000,1320000,1350000,142243.922
11,3,2024/02/09,73,SD025-7,SD025,7,1320000,1650000,1440000,1470000,96436.50761
11,3,2024/02/09,73,SD100-1,SD100,1,3650000,4160000,3820000,3876666.667,149925.9076
11,3,2024/02/09,73,SD100-2,SD100,2,3410000,3990000,4090000,3830000,211974.8413
11,3,2024/02/09,73,SD100-3,SD100,3,2590000,5140000,4420000,4050000,759012.5164
11,3,2024/02/09,73,SD100-4,SD100,4,1090000,3710000,4600000,3133333.333,1053475.729
11,3,2024/02/09,73,SD100-5,SD100,5,4060000,5320000,5450000,4943333.333,443258.139
11,3,2024/02/09,73,SD100-6,SD100,6,3750000,5990000,4810000,4850000,646941.5223
11,3,2024/02/09,73,SD100-7,SD100,7,1240000,1300000,3940000,2160000,890168.5234
11,7,2024/02/13,77,Cont-1,Control,1,101000000,232000000,257000000,196666666.7,48374694.95
11,7,2024/02/13,77,Cont-2,Control,2,145000000,257000000,254000000,218666666.7,36843512.92
11,7,2024/02/13,77,Cont-3,Control,3,191000000,218000000,225000000,211333333.3,10365541.2
11,7,2024/02/13,77,Lin-1,Linear,1,3780000,4720000,4770000,4423333.333,321990.338
11,7,2024/02/13,77,Lin-2,Linear,2,2980000,2910000,2930000,2940000,20816.65999
11,7,2024/02/13,77,Lin-3,Linear,3,4400000,5710000,5060000,5056666.667,378168.099
11,7,2024/02/13,77,Lin-4,Linear,4,4000000,4080000,4300000,4126666.667,89690.82698
11,7,2024/02/13,77,Lin-5,Linear,5,3450000,4310000,4390000,4050000,300887.5759
11,7,2024/02/13,77,Lin-6,Linear,6,5470000,5100000,4900000,5156666.667,166966.3972
11,7,2024/02/13,77,Lin-7,Linear,7,4370000,4300000,4490000,4386666.667,55477.72326
11,7,2024/02/13,77,SD025-1,SD025,1,6870000,5640000,6360000,6290000,356791.2555
11,7,2024/02/13,77,SD025-2,SD025,2,5530000,6180000,6020000,5910000,195533.4583
11,7,2024/02/13,77,SD025-3,SD025,3,3120000,5030000,5130000,4426666.667,653970.7775
11,7,2024/02/13,77,SD025-4,SD025,4,5150000,5940000,6110000,5733333.333,295766.4244
11,7,2024/02/13,77,SD025-5,SD025,5,6340000,6310000,5580000,6076666.667,248484.2942
11,7,2024/02/13,77,Sd025-6,SD025,6,5450000,6290000,6520000,6086666.667,325183.7088
11,7,2024/02/13,77,SD025-7,SD025,7,8450000,7860000,7140000,7816666.667,378784.606
11,7,2024/02/13,77,SD100-1,SD100,1,12700000,14900000,13700000,13766666.67,635959.4676
11,7,2024/02/13,77,SD100-2,SD100,2,15100000,14900000,16800000,15600000,602771.3773
11,7,2024/02/13,77,SD100-3,SD100,3,7670000,16100000,16500000,13423333.33,2878983.231
11,7,2024/02/13,77,SD100-4,SD100,4,18200000,19100000,16300000,17866666.67,825294.5602
11,7,2024/02/13,77,SD100-5,SD100,5,8220000,6690000,6130000,7013333.333,624615.4372
11,7,2024/02/13,77,SD100-6,SD100,6,13500000,13500000,16400000,14466666.67,966666.6667
11,7,2024/02/13,77,SD100-7,SD100,7,16600000,17100000,18100000,17266666.67,440958.5518
12,0,2024/02/13,77.5,Cont-1,Control,1,5050000,11600000,12850000,9833333.333,2418734.747
12,0,2024/02/13,77.5,Cont-2,Control,2,7250000,12850000,12700000,10933333.33,1842175.646
12,0,2024/02/13,77.5,Cont-3,Control,3,9550000,10900000,11250000,10566666.67,518277.0602
12,0,2024/02/13,77.5,Lin-1,Linear,1,189000,236000,238500,221166.6667,16099.5169
12,0,2024/02/13,77.5,Lin-2,Linear,2,149000,145500,146500,147000,1040.833
12,0,2024/02/13,77.5,Lin-3,Linear,3,220000,285500,253000,252833.3333,18908.40495
12,0,2024/02/13,77.5,Lin-4,Linear,4,200000,204000,215000,206333.3333,4484.541349
12,0,2024/02/13,77.5,Lin-5,Linear,5,172500,215500,219500,202500,15044.3788
12,0,2024/02/13,77.5,Lin-6,Linear,6,273500,255000,245000,257833.3333,8348.319858
12,0,2024/02/13,77.5,Lin-7,Linear,7,218500,215000,224500,219333.3333,2773.886163
12,0,2024/02/13,77.5,SD025-1,SD025,1,343500,282000,318000,314500,17839.56277
12,0,2024/02/13,77.5,SD025-2,SD025,2,276500,309000,301000,295500,9776.672917
12,0,2024/02/13,77.5,SD025-3,SD025,3,156000,251500,256500,221333.3333,32698.53887
12,0,2024/02/13,77.5,SD025-4,SD025,4,257500,297000,305500,286666.6667,14788.32122
12,0,2024/02/13,77.5,SD025-5,SD025,5,317000,315500,279000,303833.3333,12424.21471
12,0,2024/02/13,77.5,Sd025-6,SD025,6,272500,314500,326000,304333.3333,16259.18544
12,0,2024/02/13,77.5,SD025-7,SD025,7,422500,393000,357000,390833.3333,18939.2303
12,0,2024/02/13,77.5,SD100-1,SD100,1,635000,745000,685000,688333.3333,31797.97338
12,0,2024/02/13,77.5,SD100-2,SD100,2,755000,745000,840000,780000,30138.56887
12,0,2024/02/13,77.5,SD100-3,SD100,3,383500,805000,825000,671166.6667,143949.1616
12,0,2024/02/13,77.5,SD100-4,SD100,4,910000,955000,815000,893333.3333,41264.72801
12,0,2024/02/13,77.5,SD100-5,SD100,5,411000,334500,306500,350666.6667,31230.77186
12,0,2024/02/13,77.5,SD100-6,SD100,6,675000,675000,820000,723333.3333,48333.33333
12,0,2024/02/13,77.5,SD100-7,SD100,7,830000,855000,905000,863333.3333,22047.92759
12,3,2024/02/16,80,Cont-1,Control,1,56500000,57900000,51600000,55333333.33,1909915.647
12,3,2024/02/16,80,Cont-2,Control,2,48500000,57100000,58600000,54733333.33,3146603.107
12,3,2024/02/16,80,Cont-3,Control,3,48200000,56200000,59600000,54666666.67,3379020.239
12,3,2024/02/16,80,Lin-1,Linear,1,340000,581000,457000,459333.3333,69580.48896
12,3,2024/02/16,80,Lin-2,Linear,2,235000,469000,381000,361666.6667,68238.14508
12,3,2024/02/16,80,Lin-3,Linear,3,626000,628000,510000,588000,39004.27327
12,3,2024/02/16,80,Lin-4,Linear,4,387000,610000,757000,584666.6667,107558.253
12,3,2024/02/16,80,Lin-5,Linear,5,604000,481000,1140000,741666.6667,202306.9725
12,3,2024/02/16,80,Lin-6,Linear,6,364000,534000,534000,477333.3333,56666.66667
12,3,2024/02/16,80,Lin-7,Linear,7,463000,487000,428000,459333.3333,17130.22021
12,3,2024/02/16,80,SD025-1,SD025,1,346000,540000,463000,449666.6667,56398.38453
12,3,2024/02/16,80,SD025-2,SD025,2,540000,569000,698000,602333.3333,48560.38623
12,3,2024/02/16,80,SD025-3,SD025,3,598000,551000,645000,598000,27135.46265
12,3,2024/02/16,80,SD025-4,SD025,4,616000,786000,886000,762666.6667,78810.60278
12,3,2024/02/16,80,SD025-5,SD025,5,704000,557000,604000,621666.6667,43344.87026
12,3,2024/02/16,80,Sd025-6,SD025,6,463000,768000,786000,672333.3333,104795.5682
12,3,2024/02/16,80,SD025-7,SD025,7,1070000,868000,737000,891666.6667,96854.41538
12,3,2024/02/16,80,SD100-1,SD100,1,8090000,1500000,991000,3527000,2286226.658
12,3,2024/02/16,80,SD100-2,SD100,2,1360000,1250000,1300000,1303333.333,31797.97338
12,3,2024/02/16,80,SD100-3,SD100,3,411000,1950000,1110000,1157000,444892.1218
12,3,2024/02/16,80,SD100-4,SD100,4,1280000,1430000,1300000,1336666.667,47022.45327
12,3,2024/02/16,80,SD100-5,SD100,5,780000,874000,1450000,1034666.667,209432.0362
12,3,2024/02/16,80,SD100-6,SD100,6,991000,1080000,6860000,2977000,1941669.986
12,3,2024/02/16,80,SD100-7,SD100,7,1360000,1770000,1650000,1593333.333,121700.9084
12,7,2024/02/19,84,Cont-1,Control,1,204000000,218000000,223000000,215000000,5686240.703
12,7,2024/02/19,84,Cont-2,Control,2,104000000,244000000,258000000,202000000,49166384.18
12,7,2024/02/19,84,Cont-3,Control,3,178000000,229000000,214000000,207000000,15132745.95
12,7,2024/02/19,84,Lin-1,Linear,1,2000000,1810000,2010000,1940000,65064.07099
12,7,2024/02/19,84,Lin-2,Linear,2,1710000,2030000,2040000,1926666.667,108371.788
12,7,2024/02/19,84,Lin-3,Linear,3,2260000,2290000,2310000,2286666.667,14529.66315
12,7,2024/02/19,84,Lin-4,Linear,4,1300000,1960000,1330000,1530000,215174.3479
12,7,2024/02/19,84,Lin-5,Linear,5,3240000,2760000,2860000,2953333.333,146211.4147
12,7,2024/02/19,84,Lin-6,Linear,6,1600000,1580000,1720000,1633333.333,43716.25683
12,7,2024/02/19,84,Lin-7,Linear,7,1510000,1540000,1820000,1623333.333,98713.95263
12,7,2024/02/19,84,SD025-1,SD025,1,2480000,2600000,3240000,2773333.333,235890.7468
12,7,2024/02/19,84,SD025-2,SD025,2,1710000,2480000,1980000,2056666.667,225561.0289
12,7,2024/02/19,84,SD025-3,SD025,3,845000,1990000,1340000,1391666.667,331541.0147
12,7,2024/02/19,84,SD025-4,SD025,4,2440000,1920000,2110000,2156666.667,151913.7182
12,7,2024/02/19,84,SD025-5,SD025,5,1350000,1850000,1970000,1723333.333,189853.7449
12,7,2024/02/19,84,Sd025-6,SD025,6,1690000,1440000,1610000,1580000,73711.14796
12,7,2024/02/19,84,SD025-7,SD025,7,2450000,2210000,1770000,2143333.333,199109.127
12,7,2024/02/19,84,SD100-1,SD100,1,4120000,3210000,2640000,3323333.333,430980.7936
12,7,2024/02/19,84,SD100-2,SD100,2,3670000,4260000,4350000,4093333.333,213255.194
12,7,2024/02/19,84,SD100-3,SD100,3,4400000,3370000,2790000,3520000,470779.4954
12,7,2024/02/19,84,SD100-4,SD100,4,1470000,2630000,1730000,1943333.333,351441.4761
12,7,2024/02/19,84,SD100-5,SD100,5,3610000,1170000,956000,1912000,851244.579
12,7,2024/02/19,84,SD100-6,SD100,6,2040000,2320000,5940000,3433333.333,1255937.012
12,7,2024/02/19,84,SD100-7,SD100,7,3300000,4450000,4040000,3930000,336501.6097